ausencias_ultimos_30d,patron_whatsapp,hora_peticion_minutos,dia_semana,clima,distancia_km,se_ausento
6,normal,158,domingo,soleado,27.473880897360687,1
3,normal,958,lunes,soleado,17.40495699208917,1
12,normal,311,miércoles,nublado,6.297499142950376,1
14,rapido,1264,martes,lluvioso,5.048367153434203,1
10,lento,444,jueves,soleado,17.717700689174862,1
7,normal,297,viernes,tormenta,23.094624744010872,1
12,normal,951,sábado,soleado,23.66366378452328,1
4,normal,35,viernes,tormenta,8.996964728797156,1
6,normal,1107,miércoles,tormenta,6.923156008452857,1
9,normal,1408,sábado,nublado,1.48593283027909,1
2,rapido,1195,jueves,nublado,20.696775384833913,1
6,normal,1399,lunes,nublado,3.2204794945726305,0
10,rapido,1385,viernes,nublado,13.202074851211847,1
10,rapido,558,miércoles,soleado,18.448782756530587,1
7,normal,890,jueves,soleado,28.176159402670635,0
4,lento,140,domingo,soleado,10.042261971717291,0
3,lento,886,domingo,nublado,8.243392710949074,1
7,normal,1141,jueves,soleado,19.970644474296854,1
7,normal,1300,jueves,nublado,18.95793192955387,1
2,lento,725,jueves,tormenta,10.631183715935613,1
5,lento,1243,sábado,soleado,27.91495322978381,1
4,rapido,1049,jueves,nublado,25.50100749719935,0
1,rapido,520,viernes,nublado,7.495493830087353,0
7,lento,9,miércoles,lluvioso,7.935133817601172,1
11,rapido,983,sábado,tormenta,15.856710059725337,1
13,lento,377,jueves,lluvioso,23.43359095019089,1
5,lento,681,martes,tormenta,2.2771710022654674,1
1,lento,583,martes,soleado,21.106719458306493,1
11,normal,151,miércoles,lluvioso,19.79884102408081,1
4,lento,719,domingo,lluvioso,7.712922781476659,1
0,lento,1072,lunes,soleado,20.759237383999114,1
11,normal,1177,lunes,tormenta,28.265312546310394,1
9,rapido,858,domingo,soleado,2.356789504181287,0
5,normal,1316,sábado,nublado,10.269909603469813,1
12,lento,49,sábado,soleado,13.707124783324304,1
11,lento,663,sábado,nublado,27.078550408816,1
8,lento,530,lunes,lluvioso,28.905581951665543,1
0,normal,1083,martes,nublado,13.879342148393636,0
10,rapido,1190,lunes,nublado,22.750823952123543,1
10,lento,1225,viernes,soleado,16.418169689170007,1
14,normal,856,jueves,lluvioso,16.595705107499917,1
9,normal,145,sábado,soleado,9.064885936924338,1
11,lento,914,martes,nublado,7.291731130052506,1
11,normal,992,miércoles,tormenta,9.352155031797194,1
14,normal,241,miércoles,lluvioso,17.1335122104553,1
13,lento,580,jueves,nublado,1.845500394640581,1
13,normal,686,martes,lluvioso,27.310219386335767,1
14,lento,482,lunes,lluvioso,5.5322275769435105,1
13,normal,1131,lunes,lluvioso,7.38257162927021,1
2,lento,1249,viernes,nublado,16.030009116981745,1
11,normal,672,viernes,soleado,21.5933282237811,1
6,lento,630,lunes,soleado,3.776142587587522,0
3,normal,660,miércoles,soleado,10.213146228867704,0
8,lento,661,sábado,nublado,29.091563561656358,1
2,normal,804,miércoles,soleado,8.607946036647427,0
4,rapido,418,viernes,nublado,10.07845420683126,0
2,lento,987,jueves,soleado,25.25845622792297,1
6,rapido,1183,lunes,soleado,2.4562185190232024,0
4,lento,649,viernes,lluvioso,14.473781895460155,1
8,normal,968,viernes,nublado,12.008886169098437,1
6,rapido,589,sábado,soleado,10.181016037350883,0
1,normal,1100,lunes,lluvioso,9.285288227298171,1
3,normal,508,sábado,soleado,3.649849040951867,0
8,normal,440,lunes,lluvioso,10.129949051197816,1
11,lento,1277,sábado,lluvioso,2.2485196787543886,1
13,lento,920,miércoles,soleado,23.647952045688623,1
1,normal,769,jueves,lluvioso,12.548606024782337,1
9,rapido,1343,jueves,nublado,13.873211137277437,1
8,normal,262,lunes,nublado,26.914243007053816,1
9,normal,1397,martes,soleado,20.0835945319754,1
4,normal,636,domingo,soleado,1.2337139969214739,0
1,normal,1190,viernes,tormenta,28.352069865877265,1
3,normal,458,viernes,soleado,7.877189513353625,0
11,lento,998,lunes,nublado,4.1208113580359065,1
14,lento,1303,sábado,nublado,23.275717173045585,1
11,normal,699,martes,nublado,15.513842160134827,1
6,normal,301,miércoles,soleado,13.57934641452251,1
11,normal,1241,sábado,soleado,8.235589310799512,1
12,rapido,1125,sábado,lluvioso,16.87667320600724,1
7,normal,553,lunes,soleado,8.957153550875036,0
14,lento,287,lunes,soleado,27.14590715332496,1
2,rapido,1190,viernes,soleado,7.240929912262591,0
13,lento,620,lunes,nublado,26.64629936321685,1
0,rapido,1005,lunes,lluvioso,17.222757346093353,1
3,normal,35,lunes,soleado,25.02615588296199,1
1,lento,743,viernes,soleado,21.672533879967695,0
7,lento,352,miércoles,soleado,21.20415823166571,1
3,lento,72,miércoles,lluvioso,10.406028423156616,1
1,normal,647,domingo,nublado,7.783011012693901,0
13,normal,1376,domingo,nublado,7.115700602742856,1
5,normal,1093,lunes,lluvioso,25.85855805472807,1
5,lento,424,domingo,nublado,24.79237778751158,1
9,rapido,998,viernes,lluvioso,13.776632312356913,1
3,lento,707,miércoles,lluvioso,4.839733791397183,1
5,normal,560,sábado,soleado,12.085315307346294,1
12,rapido,827,miércoles,soleado,18.96096016997043,1
14,normal,955,miércoles,soleado,14.177691479918632,1
1,normal,516,viernes,soleado,23.625488786006855,1
9,normal,427,domingo,tormenta,29.931061845290177,1
11,lento,159,sábado,nublado,6.542830565018009,1
1,normal,148,viernes,soleado,14.3298737701276,0
9,lento,775,lunes,lluvioso,13.49853315570384,1
13,rapido,1253,jueves,nublado,9.830283449719573,1
3,normal,66,miércoles,soleado,6.744769984888398,0
13,lento,1013,jueves,soleado,2.9050713782001174,1
14,normal,380,viernes,nublado,26.726460199487253,1
14,normal,57,viernes,lluvioso,13.17561223290321,1
7,normal,1282,viernes,soleado,15.409970036501417,1
13,normal,341,jueves,soleado,27.59131939782656,1
6,lento,1153,viernes,nublado,23.512423847962488,1
11,normal,726,lunes,soleado,4.784536659398342,1
8,lento,1195,viernes,nublado,17.39717906062453,1
13,lento,769,martes,nublado,13.825316019067214,1
7,lento,613,domingo,soleado,24.11912110478412,1
4,lento,1232,jueves,tormenta,22.00274388074653,1
12,lento,353,martes,nublado,21.021765935421087,1
1,normal,115,viernes,soleado,10.87580022891701,0
14,normal,1287,lunes,nublado,24.34394818157838,1
4,rapido,661,miércoles,lluvioso,2.5193475722509753,0
7,lento,452,sábado,lluvioso,5.62912214153285,1
9,normal,286,domingo,soleado,10.73307491635944,1
8,normal,1326,sábado,tormenta,3.227415791009157,1
11,normal,1016,viernes,nublado,7.814834048506056,1
11,rapido,310,domingo,soleado,25.074378506939624,1
11,normal,207,domingo,soleado,28.4992945959123,1
12,normal,617,lunes,soleado,9.833468317451524,1
8,normal,445,domingo,lluvioso,8.670958315676309,1
12,normal,669,jueves,soleado,9.116886915146381,1
14,rapido,632,martes,soleado,9.053853533174472,1
12,normal,54,martes,lluvioso,2.0419752833932168,1
0,rapido,911,martes,soleado,27.880574043602135,0
8,normal,1035,jueves,soleado,7.197246105539524,1
6,rapido,656,sábado,soleado,13.180118148360743,1
8,normal,1423,lunes,soleado,1.2809195994880644,1
7,normal,979,domingo,soleado,25.88069763653666,1
0,lento,514,jueves,nublado,22.203562989192598,1
11,rapido,236,martes,soleado,28.455925020037395,1
7,rapido,1302,viernes,soleado,23.666848896695573,1
7,lento,347,miércoles,lluvioso,10.097488849509892,1
14,rapido,626,domingo,nublado,8.188327403124285,1
10,normal,1127,jueves,nublado,21.233772919045496,1
2,rapido,629,jueves,nublado,11.559270475304483,0
0,normal,1271,lunes,soleado,17.420235456825882,0
7,lento,363,lunes,nublado,1.1814666597676367,1
2,rapido,320,jueves,nublado,2.794685348733782,0
2,lento,285,martes,soleado,16.525670294267883,1
0,lento,148,miércoles,tormenta,17.416077746996788,1
10,normal,1107,domingo,soleado,22.792135389320965,1
4,rapido,405,lunes,lluvioso,4.82699426909489,0
9,normal,977,domingo,soleado,15.882309428946584,1
6,rapido,455,martes,lluvioso,6.638981688518969,1
9,lento,799,domingo,nublado,3.702687467318146,1
8,normal,1184,viernes,lluvioso,12.904378027756083,1
11,lento,1012,lunes,soleado,5.73676279458266,1
6,lento,783,martes,nublado,7.431677367577239,1
8,lento,459,martes,nublado,10.20908281621555,1
7,lento,737,miércoles,lluvioso,8.52226362155269,1
11,normal,508,miércoles,nublado,3.5401476247724455,1
1,lento,480,viernes,nublado,3.6075711009313665,0
0,rapido,113,martes,nublado,6.604233041790877,0
6,normal,748,sábado,soleado,2.4662164508266295,1
6,lento,360,martes,nublado,19.167253570630887,1
13,normal,340,miércoles,soleado,9.332474778758156,1
7,normal,769,sábado,tormenta,9.11263306530306,1
4,lento,760,lunes,lluvioso,10.62795053289519,1
2,lento,968,lunes,tormenta,20.221091952081927,1
11,normal,448,domingo,soleado,26.248382563021224,1
7,lento,834,jueves,lluvioso,23.013521044113514,1
5,normal,1203,miércoles,lluvioso,22.098347676527755,1
10,normal,1430,jueves,nublado,15.047344382424628,1
2,normal,1219,sábado,nublado,21.12036115205494,1
0,normal,310,miércoles,soleado,17.03010867297391,0
2,normal,261,viernes,lluvioso,7.2712653174093385,1
4,lento,405,martes,nublado,7.049062664490471,1
14,lento,142,viernes,soleado,9.59536819938322,1
13,normal,341,sábado,soleado,27.413277458124586,1
2,rapido,1339,miércoles,tormenta,16.875030371012052,1
0,lento,1124,sábado,lluvioso,22.283255933054214,1
4,normal,243,martes,tormenta,11.050204034679881,1
9,rapido,489,lunes,nublado,12.823757349291531,1
6,rapido,11,lunes,soleado,4.64140178048029,0
14,normal,1262,sábado,soleado,5.96755377682844,1
13,normal,560,jueves,soleado,24.99334008995822,1
6,rapido,41,miércoles,soleado,17.96032031897758,0
10,lento,677,miércoles,soleado,10.788441510630749,1
8,normal,593,lunes,soleado,24.282685060870833,1
14,lento,1181,domingo,nublado,8.149077263501507,1
14,rapido,1239,viernes,tormenta,29.30494825940591,1
9,lento,133,domingo,nublado,10.999710624638922,1
9,lento,1090,martes,lluvioso,10.7820176703856,1
11,rapido,1030,viernes,nublado,10.04544526056445,1
12,normal,947,viernes,soleado,4.54123396180435,1
2,normal,72,sábado,soleado,4.22297727262836,0
14,lento,398,lunes,soleado,19.795046001489577,1
6,rapido,1428,domingo,soleado,26.378423292183363,1
0,normal,577,domingo,nublado,23.92509479787853,1
3,lento,858,lunes,soleado,5.092120226619182,0
12,lento,129,domingo,soleado,16.82188153196993,1
3,normal,930,lunes,soleado,4.06215483332256,1
13,lento,1229,sábado,tormenta,2.313544664779246,1
4,rapido,265,jueves,lluvioso,20.03518992215825,0
6,lento,792,viernes,lluvioso,16.519417676730157,1
6,lento,252,sábado,soleado,3.378686871132655,0
12,normal,821,miércoles,lluvioso,2.013238145773665,1
14,lento,1312,martes,lluvioso,29.702935988870703,1
10,normal,163,jueves,nublado,1.8706186323230845,1
12,normal,94,miércoles,tormenta,13.891319338454629,1
3,lento,832,viernes,soleado,15.633951713623173,1
12,normal,1133,domingo,tormenta,4.401124286212906,1
6,normal,335,lunes,tormenta,5.902791574751771,1
10,lento,821,viernes,soleado,11.202345185900223,1
2,normal,237,sábado,nublado,23.088600410196214,1
5,normal,380,martes,tormenta,15.705390297747735,1
11,lento,898,sábado,soleado,19.499154362035885,1
1,lento,482,jueves,nublado,29.570062097629567,1
9,normal,901,jueves,tormenta,23.27215762408308,1
12,rapido,1048,martes,nublado,13.596483446095315,1
13,normal,1140,miércoles,soleado,13.946815732099914,1
8,lento,481,miércoles,nublado,18.944390234189147,1
4,lento,1415,jueves,soleado,20.295591044148225,1
5,rapido,916,jueves,nublado,15.520616849263469,1
11,lento,993,domingo,soleado,19.700975461634417,1
11,lento,963,lunes,nublado,1.6824423380088644,1
11,lento,536,domingo,nublado,13.45906305300848,1
11,normal,1102,domingo,lluvioso,9.089204206130827,1
3,normal,1196,miércoles,nublado,4.746058912050201,0
13,lento,1035,martes,nublado,3.886848871454479,1
13,normal,127,miércoles,nublado,18.492572802825357,1
10,lento,91,lunes,soleado,16.18441586742574,1
9,normal,542,sábado,nublado,8.353939392894706,1
6,lento,845,jueves,soleado,14.65755170440292,1
11,normal,988,jueves,tormenta,15.27473714028984,1
8,normal,446,lunes,soleado,6.655260432719858,1
6,lento,389,domingo,nublado,19.910698794567868,1
13,lento,671,martes,nublado,23.646661335196622,1
0,lento,42,jueves,nublado,23.95244268579605,1
0,normal,253,viernes,soleado,18.471625090400195,0
8,normal,1153,domingo,nublado,15.837518893051408,1
10,lento,1083,jueves,nublado,2.769207147156452,1
13,normal,662,viernes,lluvioso,9.34710766669657,1
8,lento,466,lunes,soleado,3.704871956566927,0
3,lento,286,lunes,nublado,28.950871665475734,1
12,lento,1010,domingo,nublado,4.91732424054706,1
8,lento,777,jueves,nublado,5.401486885681959,1
2,rapido,344,miércoles,nublado,26.797721931584274,1
6,rapido,641,viernes,nublado,28.37392022081728,1
5,normal,381,martes,soleado,23.209042137812386,1
7,normal,689,jueves,soleado,1.1567427865074262,1
10,normal,1276,martes,soleado,1.0390418577403473,1
8,normal,1079,jueves,soleado,11.964922323836072,1
13,lento,456,miércoles,nublado,5.158465730315884,1
4,rapido,982,miércoles,nublado,1.5331981223963211,0
0,normal,82,domingo,soleado,14.457933992730636,0
2,normal,1122,domingo,tormenta,28.348795024802175,1
9,normal,148,miércoles,soleado,10.390767672170512,1
11,lento,1352,sábado,lluvioso,20.1730796744322,1
7,lento,1179,miércoles,nublado,19.91482524084078,1
14,normal,189,lunes,soleado,8.281323006289865,1
10,rapido,882,lunes,soleado,19.862332215892064,0
5,lento,262,sábado,nublado,7.157685254319847,1
7,normal,1103,viernes,soleado,4.538214993729783,0
8,lento,399,martes,tormenta,21.340115281231014,1
3,lento,763,jueves,nublado,4.289783696013585,0
0,normal,608,jueves,tormenta,29.910367339091305,1
13,normal,1283,sábado,soleado,6.32011963335665,1
0,normal,784,lunes,lluvioso,18.230114019937268,1
9,normal,100,domingo,nublado,12.929862570965092,1
3,rapido,1382,jueves,lluvioso,4.665206249764346,0
11,rapido,1403,lunes,soleado,1.8074733197449886,0
13,normal,819,viernes,nublado,19.059236186492164,1
6,normal,1244,martes,nublado,24.395969349884655,1
1,normal,819,viernes,lluvioso,25.418454183695577,1
2,normal,419,sábado,soleado,14.9986907192311,0
0,rapido,123,miércoles,lluvioso,23.546208548289183,0
4,normal,421,miércoles,soleado,20.5125668711678,1
0,normal,1254,miércoles,lluvioso,22.003381297474863,1
7,normal,1086,viernes,lluvioso,15.285371151432608,1
0,lento,767,jueves,lluvioso,19.368940467021687,1
10,normal,482,martes,nublado,24.36025149370565,1
0,lento,518,miércoles,nublado,12.538641091153668,1
1,normal,154,sábado,tormenta,24.373388125159927,1
1,lento,91,sábado,soleado,18.168488440882822,0
11,lento,981,miércoles,nublado,5.811129706752801,1
5,normal,454,miércoles,nublado,1.7158405595129538,0
6,normal,597,martes,lluvioso,11.519854411575409,1
4,rapido,509,miércoles,soleado,16.854193520593856,0
0,rapido,1206,martes,nublado,25.354790213901165,0
0,normal,385,sábado,lluvioso,4.69708472406714,0
2,normal,404,miércoles,soleado,24.205984082823793,0
13,rapido,245,viernes,tormenta,26.027262335949583,1
1,lento,741,domingo,soleado,5.3699371230241795,1
4,normal,660,viernes,soleado,25.696235259822352,1
11,rapido,649,sábado,soleado,29.75215346744097,1
9,normal,900,martes,soleado,22.07832610039889,1
5,lento,64,viernes,tormenta,23.75832077292465,1
6,normal,1036,martes,soleado,29.83804275920733,1
3,normal,212,viernes,nublado,18.558956265252416,1
6,normal,241,viernes,soleado,9.928705078471232,1
10,lento,492,martes,nublado,25.288394188205615,1
7,normal,1236,jueves,nublado,18.820087547837307,1
10,normal,337,viernes,soleado,17.85466728790774,1
0,normal,172,miércoles,soleado,8.355431109907109,0
14,lento,671,domingo,lluvioso,22.933693817903713,1
5,rapido,163,sábado,soleado,3.368350999942791,0
7,normal,464,jueves,nublado,27.804325053045176,1
4,lento,994,martes,soleado,10.448880362344058,0
3,rapido,496,jueves,lluvioso,4.705464930909724,0
1,lento,699,lunes,soleado,13.828629459970145,0
5,normal,394,lunes,nublado,2.2316273684394616,0
5,normal,702,viernes,soleado,20.854159633684024,1
10,normal,307,viernes,tormenta,27.17845980291533,1
14,normal,182,miércoles,soleado,25.280627207016753,1
0,normal,628,domingo,lluvioso,4.693714729988551,0
8,lento,509,sábado,nublado,4.661862976124224,1
11,normal,545,jueves,soleado,24.58959998740366,1
10,normal,623,lunes,lluvioso,27.803373963490362,1
5,lento,593,viernes,soleado,14.359425065171186,1
12,normal,743,sábado,lluvioso,15.470162390499212,1
2,rapido,1250,jueves,tormenta,10.229599200186051,1
3,lento,553,viernes,lluvioso,26.933688429436007,1
11,normal,20,viernes,soleado,19.702184253478322,1
10,lento,553,lunes,lluvioso,9.359295737853687,1
3,lento,396,lunes,nublado,9.664703260573297,1
2,lento,624,viernes,lluvioso,26.84480211884447,1
9,normal,104,martes,nublado,1.3953866932688226,1
2,normal,191,viernes,lluvioso,10.359070609072514,1
14,lento,16,sábado,nublado,17.076343755274703,1
2,normal,1143,viernes,nublado,5.298306400880414,1
3,normal,392,miércoles,soleado,3.670863871788104,0
6,normal,424,domingo,lluvioso,24.64301360162624,1
3,lento,128,miércoles,nublado,26.93772727080671,1
8,normal,1153,miércoles,nublado,24.884586203147496,1
0,rapido,571,martes,lluvioso,27.064848802383082,0
7,lento,28,martes,nublado,17.040247160692775,1
6,rapido,1120,viernes,soleado,24.555485508719915,0
1,rapido,1033,miércoles,nublado,12.137236513341913,0
7,rapido,241,martes,nublado,20.321767982892116,1
0,rapido,231,lunes,nublado,29.67623041028577,0
10,normal,788,viernes,soleado,7.546103991334696,1
11,lento,1307,sábado,soleado,12.307092642441336,1
8,normal,714,domingo,soleado,14.921373941992483,0
8,normal,758,jueves,lluvioso,5.0024491235815,1
1,lento,801,viernes,soleado,3.3501197034866466,0
6,lento,775,jueves,nublado,25.061963123327107,1
14,normal,725,miércoles,tormenta,29.327036812,1
13,lento,199,domingo,soleado,12.7370268510601,1
9,rapido,944,jueves,nublado,3.541845249644945,1
2,lento,78,miércoles,lluvioso,2.908541060026718,1
6,lento,955,lunes,tormenta,26.848227984448663,1
11,rapido,855,jueves,lluvioso,14.450613242102717,1
9,rapido,1196,domingo,lluvioso,10.280792180309366,1
8,lento,466,viernes,lluvioso,14.817376865942586,1
3,rapido,580,miércoles,nublado,10.230818746078073,0
11,rapido,1439,viernes,lluvioso,15.182037483920979,1
0,rapido,939,domingo,soleado,25.927135510620168,1
1,normal,448,martes,tormenta,18.176739760800775,0
0,normal,86,miércoles,nublado,21.144959411495087,1
13,normal,100,jueves,nublado,11.575449610795761,1
11,normal,1031,miércoles,soleado,22.416670476805045,1
4,lento,844,viernes,lluvioso,20.331895461501798,1
4,lento,1223,lunes,soleado,4.467297934809637,1
10,rapido,86,miércoles,lluvioso,17.606642740351955,1
6,normal,42,jueves,lluvioso,8.445561392982983,1
8,rapido,1408,martes,soleado,24.31877441937419,1
8,lento,407,sábado,lluvioso,13.352193545541244,1
2,lento,663,lunes,lluvioso,29.845840790698126,1
2,rapido,1040,martes,nublado,3.6825127002299496,0
2,lento,147,miércoles,soleado,23.630088019464598,1
3,normal,276,viernes,soleado,20.537350272722538,1
7,rapido,231,domingo,soleado,23.257466087130457,1
5,normal,365,viernes,soleado,9.918364069223234,1
7,normal,1251,jueves,tormenta,15.269580192089617,1
0,rapido,435,viernes,soleado,24.098747071987543,0
7,normal,398,lunes,lluvioso,7.743698617004795,0
3,lento,1234,viernes,soleado,7.55496270687091,0
10,normal,1414,jueves,nublado,16.980477645553037,1
0,rapido,498,sábado,lluvioso,16.18334380636582,0
7,normal,539,miércoles,lluvioso,9.185611641975052,1
3,rapido,562,domingo,soleado,9.64419386521986,0
5,lento,441,miércoles,nublado,9.057509732990399,1
7,normal,1284,viernes,nublado,23.37384979795614,1
3,lento,772,martes,soleado,19.90512510131136,0
13,rapido,349,miércoles,soleado,25.14009831889733,1
2,normal,1375,sábado,nublado,29.288717821106633,1
13,normal,519,viernes,nublado,14.750764591887606,1
8,normal,1343,domingo,lluvioso,2.934122560758017,1
2,lento,137,jueves,soleado,2.3946770019490273,0
8,lento,991,sábado,nublado,9.574286138876955,1
12,lento,367,viernes,nublado,28.043793091221076,1
1,normal,1243,sábado,lluvioso,16.173178594155374,1
13,normal,1360,miércoles,lluvioso,8.881808966323746,1
1,lento,1246,domingo,nublado,12.575837040819566,0
1,normal,359,jueves,lluvioso,18.359258114735454,1
5,normal,920,viernes,soleado,19.935540085997424,1
2,rapido,328,lunes,nublado,5.463665783704246,0
12,lento,961,jueves,soleado,29.333918619810103,1
8,lento,462,lunes,nublado,16.798394582500876,1
3,rapido,945,sábado,lluvioso,4.9349612159761,0
0,lento,962,martes,lluvioso,26.91542234703788,1
3,rapido,1405,jueves,soleado,3.1645145013034353,0
0,normal,835,sábado,nublado,27.324327562147868,1
13,normal,168,lunes,nublado,29.90040403238049,1
4,normal,216,miércoles,soleado,21.312522175538614,1
3,normal,377,miércoles,soleado,23.342969411145702,0
7,lento,118,martes,soleado,10.781782257557104,1
7,normal,189,jueves,soleado,28.30572872928408,1
6,normal,766,jueves,soleado,16.36170501714266,1
2,normal,369,jueves,soleado,22.23926495132909,1
0,normal,148,sábado,soleado,27.799123761427104,0
0,lento,651,domingo,lluvioso,29.28021930328974,1
11,normal,769,domingo,nublado,25.162926341303557,1
10,lento,373,martes,tormenta,9.78750770247887,1
2,normal,780,jueves,nublado,29.02987798001039,1
5,lento,159,sábado,lluvioso,19.21546640606358,1
6,rapido,350,miércoles,lluvioso,27.988631814206837,1
5,normal,1311,lunes,nublado,20.607045748616205,1
13,lento,1311,sábado,nublado,9.909929893583893,1
13,normal,891,domingo,lluvioso,11.730711200141663,1
5,normal,1249,domingo,soleado,16.963681535985273,1
5,rapido,522,miércoles,soleado,23.91043040523658,0
12,normal,521,miércoles,nublado,10.221493988869714,1
2,normal,782,lunes,nublado,17.81220381789157,0
5,lento,272,miércoles,soleado,11.023124813715643,1
7,normal,935,martes,tormenta,24.657312734418106,1
10,rapido,1425,lunes,nublado,14.535114719270563,1
10,normal,182,miércoles,nublado,3.2249619787336714,1
1,rapido,487,viernes,tormenta,5.815523122964555,0
4,lento,845,sábado,nublado,2.7720353609693364,0
13,lento,123,miércoles,tormenta,15.479785434415431,1
0,rapido,984,martes,nublado,4.083781623098588,0
11,normal,789,jueves,soleado,4.310059109979331,1
14,rapido,413,miércoles,lluvioso,28.290399541112933,1
0,normal,1195,domingo,nublado,26.306997093105608,0
4,normal,1311,domingo,lluvioso,14.110511307529613,1
11,normal,685,domingo,tormenta,29.58835430465597,1
12,lento,112,jueves,lluvioso,1.0054093169492302,1
2,normal,887,domingo,nublado,18.80540423192842,0
3,rapido,121,viernes,lluvioso,18.87641714378423,1
2,rapido,1245,miércoles,nublado,14.265848620226757,0
0,rapido,38,domingo,nublado,12.511491215094493,0
0,normal,496,lunes,lluvioso,14.20611092893762,0
11,lento,779,jueves,soleado,13.033852646310734,1
11,normal,1256,viernes,lluvioso,22.184281846986682,1
13,normal,942,lunes,lluvioso,4.925307614225238,1
12,normal,148,lunes,lluvioso,6.731537397142774,1
13,normal,1420,lunes,nublado,6.235028623380284,1
4,lento,1021,lunes,lluvioso,8.611646968516672,0
5,lento,660,miércoles,nublado,16.232494144665914,1
2,normal,301,domingo,lluvioso,4.225053672808343,1
11,normal,1383,sábado,soleado,26.17690956446862,1
8,normal,237,miércoles,soleado,9.623484407945696,1
4,normal,646,miércoles,soleado,5.713601636592528,0
7,rapido,662,viernes,nublado,20.593017978349057,1
12,normal,235,viernes,nublado,2.1045027173802593,1
0,normal,202,domingo,lluvioso,18.97908838135076,1
13,normal,255,sábado,nublado,21.247754489618494,1
4,rapido,597,viernes,nublado,7.232579410214856,0
14,rapido,661,domingo,soleado,2.2169581298653944,1
2,lento,234,domingo,nublado,11.545715408664039,1
11,lento,1368,martes,nublado,3.859232677016158,1
0,lento,533,sábado,soleado,4.377857640526775,0
3,normal,859,viernes,soleado,8.373575711901072,1
14,rapido,769,sábado,soleado,9.56856981417602,0
12,lento,540,miércoles,soleado,16.369139889621195,1
4,lento,212,miércoles,nublado,20.67336467958738,1
6,lento,462,sábado,soleado,18.190357285235358,1
0,lento,435,martes,lluvioso,5.302449781395987,1
2,lento,282,martes,lluvioso,5.990494941126166,1
1,rapido,1430,sábado,nublado,26.48430824399452,1
8,rapido,87,viernes,tormenta,17.192217136859295,1
9,lento,1067,jueves,nublado,26.22819715403298,1
14,lento,460,martes,nublado,11.774848828276356,1
5,normal,277,lunes,tormenta,18.817600215508392,1
9,lento,420,miércoles,soleado,16.186239065583713,1
2,normal,1376,sábado,tormenta,10.254581204793414,1
7,lento,695,lunes,soleado,14.627545788974265,1
13,rapido,514,sábado,nublado,15.57223542798103,1
7,lento,702,domingo,soleado,6.822358267943679,1
1,normal,18,miércoles,lluvioso,10.135300798925215,0
14,normal,22,miércoles,nublado,23.950882764702293,1
5,normal,412,martes,lluvioso,27.557858944169688,1
6,lento,1053,martes,soleado,11.434028712813685,0
1,normal,107,lunes,soleado,9.902196184061527,0
14,normal,1390,domingo,soleado,6.660717772584593,1
10,normal,1304,sábado,soleado,20.676243890866857,1
9,lento,1151,domingo,tormenta,10.369891348323781,1
1,lento,1252,miércoles,soleado,29.644736633876466,0
9,normal,1134,lunes,lluvioso,10.444859259854644,1
0,normal,135,jueves,lluvioso,12.429945356696216,0
7,lento,361,lunes,soleado,18.496691690149007,1
0,lento,1209,viernes,nublado,24.248844502547843,1
8,lento,128,lunes,soleado,14.616041295023377,1
10,normal,1284,domingo,soleado,13.257024979879791,1
5,lento,514,viernes,soleado,29.87349717424944,1
6,normal,448,viernes,nublado,1.304315593058389,0
12,rapido,1127,viernes,nublado,26.95689337668613,1
9,lento,1247,jueves,nublado,5.325083952252386,1
6,normal,873,lunes,nublado,23.79183301005849,1
9,normal,472,domingo,soleado,18.920015235542643,1
2,lento,1033,lunes,nublado,10.91357127944467,1
1,rapido,1428,jueves,lluvioso,26.34237371010953,1
8,lento,301,miércoles,soleado,1.3743096114487674,1
7,lento,230,martes,soleado,7.574028910172786,1
12,lento,922,domingo,lluvioso,17.439891091236547,1
11,lento,1089,domingo,soleado,11.194725541441242,1
9,normal,936,lunes,nublado,18.700947364231503,1
6,rapido,111,martes,soleado,1.6991956088513378,0
8,normal,1036,sábado,soleado,4.377308983969663,1
3,normal,1416,sábado,soleado,4.6857909663347375,1
12,rapido,499,jueves,soleado,6.489225731564273,1
3,normal,931,sábado,nublado,14.32061178321574,1
0,normal,597,domingo,nublado,22.811732286763565,0
7,normal,233,sábado,lluvioso,27.26062629993813,1
13,rapido,601,miércoles,lluvioso,25.225803378243135,1
13,normal,313,miércoles,nublado,6.709748281494823,1
11,normal,565,miércoles,lluvioso,13.793366014688338,1
2,normal,1035,sábado,soleado,6.782936334997515,0
6,normal,208,jueves,nublado,8.669682683348533,0
14,normal,1037,viernes,lluvioso,15.602862463844698,1
11,normal,1400,viernes,soleado,2.9751617169821536,1
1,lento,1043,martes,nublado,7.327055558204923,1
1,normal,586,viernes,soleado,28.1259666779064,0
6,normal,1014,viernes,nublado,14.51737248709618,1
14,normal,1093,miércoles,lluvioso,13.916209253358295,1
5,normal,1234,miércoles,lluvioso,1.422447487787088,0
2,lento,1124,sábado,lluvioso,8.174592664692028,0
8,lento,697,martes,lluvioso,26.122480643483257,1
9,normal,131,lunes,nublado,5.774224419501394,0
14,normal,1404,domingo,nublado,13.03862324650691,1
13,normal,1155,martes,soleado,1.4155962701430362,1
12,rapido,1043,martes,nublado,14.871728968446119,1
5,lento,535,jueves,nublado,1.6096120950602975,1
9,lento,1013,sábado,tormenta,24.768677038908194,1
9,normal,226,jueves,nublado,24.920759257126004,1
5,rapido,1177,martes,nublado,23.844523460768727,1
0,normal,821,martes,nublado,9.217557997842428,1
3,normal,870,martes,nublado,25.279879328432724,1
9,normal,404,viernes,lluvioso,16.74694584555281,1
5,normal,201,domingo,soleado,11.840435157143071,0
14,rapido,37,domingo,nublado,19.134568831422758,1
5,lento,941,jueves,lluvioso,1.357890335750846,1
10,normal,187,martes,nublado,5.145865450421812,1
11,lento,1080,domingo,soleado,22.526512606937622,1
4,rapido,940,miércoles,nublado,8.080686652768437,0
0,rapido,1043,domingo,lluvioso,18.34226440253374,1
7,lento,272,sábado,soleado,12.16797548186786,1
4,rapido,1142,sábado,lluvioso,25.78936758517858,1
11,rapido,582,domingo,lluvioso,28.620043873902663,1
11,lento,515,miércoles,nublado,26.623377122735523,1
11,normal,1244,sábado,tormenta,8.847979846114303,1
4,normal,525,viernes,lluvioso,6.630723202336386,1
6,rapido,335,domingo,lluvioso,14.758611915001314,1
3,normal,697,viernes,lluvioso,1.2126903742492279,1
5,rapido,1078,domingo,soleado,1.7484723930322703,0
12,normal,499,lunes,soleado,17.045428549067,1
3,normal,899,lunes,nublado,16.093032720793293,1
13,normal,765,lunes,soleado,29.84287768202254,1
14,normal,535,sábado,nublado,6.8534132255489855,1
2,rapido,161,viernes,lluvioso,8.485013945653584,0
6,rapido,593,viernes,lluvioso,4.292678627462314,0
7,rapido,158,viernes,nublado,27.608747279958596,1
3,lento,1211,miércoles,lluvioso,23.556526089295073,1
12,normal,59,viernes,lluvioso,24.847834232248577,1
1,lento,914,miércoles,nublado,27.180149850970754,1
11,lento,1342,lunes,soleado,16.22209961504931,1
9,lento,210,lunes,nublado,14.084602552070987,1
13,normal,405,sábado,lluvioso,10.581352736302879,1
2,lento,663,domingo,nublado,18.08722381608781,1
0,normal,1132,lunes,nublado,14.174073506904852,1
7,rapido,1099,domingo,soleado,14.095402011561678,1
14,rapido,541,domingo,lluvioso,28.170908048203028,1
2,normal,1337,sábado,lluvioso,29.536913914094775,1
11,lento,997,martes,lluvioso,24.098047290557844,1
9,lento,1140,martes,tormenta,22.94598461716092,1
6,normal,926,jueves,lluvioso,20.736186691593943,1
9,rapido,867,sábado,tormenta,5.8161707176718975,1
4,rapido,18,jueves,tormenta,2.714068805393981,0
9,normal,431,jueves,lluvioso,21.03106313828463,1
4,normal,739,martes,nublado,22.134800445440703,1
13,normal,1373,sábado,soleado,2.362216741846054,1
6,normal,182,martes,nublado,27.913500756636594,1
14,normal,112,jueves,nublado,3.6430785438956486,1
8,rapido,1206,sábado,soleado,9.29111547936487,1
11,normal,480,jueves,soleado,20.49930457116243,1
4,normal,1169,viernes,tormenta,5.926305237729814,1
0,rapido,830,domingo,lluvioso,2.6070607648250883,0
9,lento,1136,sábado,lluvioso,10.603248185760345,1
9,normal,762,sábado,nublado,23.213175670800194,1
0,normal,475,domingo,soleado,12.996681690572549,1
14,normal,762,jueves,soleado,19.93621473533024,1
1,lento,1326,viernes,soleado,17.80895381961596,1
13,normal,970,miércoles,soleado,1.644335978741832,0
5,lento,1019,domingo,soleado,29.667659624325495,1
8,rapido,1141,martes,tormenta,2.2014145757622448,1
7,normal,160,jueves,lluvioso,29.066279391806066,1
12,rapido,400,domingo,soleado,16.946061172567546,1
4,rapido,197,domingo,soleado,28.93161178488693,0
0,normal,1283,sábado,nublado,4.3278543830012275,0
12,rapido,659,martes,soleado,15.221847056379882,1
6,lento,1070,martes,tormenta,5.9156186641157005,1
14,rapido,398,martes,nublado,2.47827143365083,1
4,lento,77,domingo,nublado,18.908344336807037,1
5,lento,123,miércoles,soleado,7.025719207889052,0
12,lento,74,lunes,soleado,18.043213530338832,1
6,rapido,136,jueves,nublado,4.258569976520583,0
2,lento,601,lunes,lluvioso,10.62760767154838,1
11,lento,1423,domingo,nublado,23.667344183544166,1
9,rapido,836,lunes,soleado,13.674494133423442,0
2,normal,499,domingo,nublado,19.204617032022753,1
4,normal,137,lunes,nublado,19.77628028162083,1
5,normal,49,martes,lluvioso,25.468896275631515,1
8,normal,972,viernes,soleado,10.422761037792597,1
12,normal,253,martes,soleado,20.93157131489301,1
13,rapido,709,martes,nublado,28.886858404338806,1
11,normal,562,sábado,nublado,22.177056696378173,1
4,lento,756,sábado,nublado,15.20624382481459,1
14,normal,546,lunes,nublado,19.290805890265947,1
0,rapido,1325,domingo,nublado,22.450804035130137,1
13,rapido,921,martes,lluvioso,18.755997205122302,1
13,normal,580,lunes,nublado,1.4835985912053355,1
13,rapido,1372,sábado,tormenta,6.6484314329295495,1
3,normal,48,viernes,nublado,24.503578299248513,0
4,rapido,916,jueves,tormenta,8.906868772062055,1
11,normal,1097,lunes,lluvioso,22.215301467272884,1
9,rapido,703,viernes,soleado,11.791486242009261,1
9,normal,260,jueves,lluvioso,16.134645516580353,1
4,lento,355,miércoles,soleado,2.9712256947627074,0
6,lento,1283,lunes,tormenta,6.255541270441577,1
3,normal,637,lunes,nublado,28.7587119420578,1
0,normal,742,miércoles,soleado,26.814003549960507,1
13,normal,1318,miércoles,nublado,19.915978216072457,1
13,normal,1009,lunes,tormenta,14.329693324186383,1
4,lento,930,miércoles,soleado,20.59707749396149,1
6,normal,640,martes,nublado,18.93969838372423,1
9,normal,791,jueves,lluvioso,17.488015412533752,1
9,normal,1336,jueves,lluvioso,2.7161350840427128,1
5,rapido,611,jueves,nublado,19.3512757091837,1
4,normal,808,martes,soleado,23.29868129256388,1
3,normal,1205,domingo,soleado,29.82836798472169,1
1,normal,685,miércoles,nublado,1.3212780252349807,1
3,normal,1387,viernes,nublado,22.17503014600962,1
14,rapido,187,miércoles,tormenta,17.581890162143434,1
9,normal,984,lunes,soleado,13.587513106347744,1
9,normal,547,sábado,nublado,4.699535062569756,1
2,lento,724,jueves,soleado,12.86346931041141,1
9,lento,925,miércoles,soleado,11.276938306597923,1
0,normal,1431,viernes,nublado,9.782066780383524,0
7,lento,875,lunes,nublado,22.195509076344024,1
4,rapido,617,martes,nublado,21.32104011724365,1
12,normal,413,domingo,tormenta,18.081582638446434,1
3,lento,1365,martes,nublado,28.221279585507794,1
7,lento,1243,viernes,tormenta,11.14577714124478,1
6,normal,902,lunes,lluvioso,8.070256193595206,1
1,normal,162,jueves,nublado,20.02119607985359,0
0,normal,1243,miércoles,lluvioso,6.765607767184686,0
11,rapido,269,lunes,nublado,10.135304708319314,0
10,rapido,631,domingo,soleado,7.51347076217166,0
3,lento,905,martes,lluvioso,3.0054534638365356,1
7,normal,1423,domingo,soleado,24.997463507434528,1
11,lento,1205,domingo,nublado,8.381675744728174,1
1,lento,204,viernes,lluvioso,14.7177975969476,1
2,normal,581,viernes,soleado,2.2561429243750464,0
11,normal,840,miércoles,soleado,21.28084452132665,1
0,rapido,1251,viernes,tormenta,10.586269066882434,1
0,normal,595,viernes,nublado,22.59736510704709,1
12,rapido,249,lunes,soleado,12.959688753568118,1
2,normal,874,jueves,nublado,6.676912585763114,1
10,normal,195,miércoles,nublado,15.882077386179041,1
4,normal,689,lunes,nublado,4.784632229485753,0
11,normal,1093,jueves,tormenta,13.775635636316848,1
2,rapido,638,domingo,nublado,10.20185884519411,1
0,normal,1422,lunes,soleado,27.446827941789362,0
0,rapido,671,sábado,lluvioso,2.7669329299008787,0
7,lento,1226,lunes,lluvioso,21.12650500906652,1
9,rapido,1171,viernes,soleado,6.299783813635641,1
10,normal,943,jueves,soleado,10.252307155634956,1
11,rapido,198,miércoles,soleado,13.049907828799913,1
12,lento,491,miércoles,nublado,27.332437591874253,1
12,normal,895,jueves,nublado,8.034769716140929,1
11,normal,141,viernes,nublado,3.6479552737954366,1
14,rapido,1336,martes,tormenta,10.241998515725184,1
13,rapido,164,lunes,lluvioso,4.035603145530467,1
1,normal,313,viernes,soleado,4.729298092856023,0
12,lento,20,sábado,soleado,17.641667341275774,1
2,rapido,1105,domingo,nublado,2.766156059885306,0
1,rapido,1154,jueves,soleado,1.896995560413415,0
2,rapido,983,lunes,nublado,21.718008942644435,1
6,lento,304,miércoles,lluvioso,11.487765750390292,1
0,normal,370,domingo,soleado,4.635885127782325,0
9,normal,852,martes,nublado,8.354770354931539,1
7,normal,383,sábado,lluvioso,19.62050871321957,1
12,lento,444,miércoles,nublado,8.990560447084684,1
9,lento,424,jueves,soleado,15.34111262849183,1
9,normal,160,lunes,nublado,4.529163895073497,1
9,rapido,1201,jueves,soleado,18.054715490557964,1
13,lento,628,domingo,tormenta,10.166252831454658,1
1,lento,894,lunes,soleado,19.18208460133278,0
2,normal,489,viernes,nublado,24.443451586816664,1
8,lento,1016,martes,nublado,18.73774616230978,1
6,normal,326,viernes,tormenta,9.5766793152556,1
3,normal,597,viernes,soleado,8.416567344900711,0
9,normal,1014,jueves,soleado,10.495207803269992,1
4,normal,288,domingo,soleado,5.773994883858641,1
1,normal,592,martes,soleado,6.253983674650582,0
12,lento,572,lunes,soleado,23.93004195510487,1
10,normal,1377,lunes,nublado,12.157244718715905,0
12,lento,27,sábado,soleado,13.64386023654699,1
7,normal,953,miércoles,soleado,18.227434501437525,1
3,rapido,42,sábado,lluvioso,18.099951359394883,0
8,rapido,422,sábado,soleado,2.953929274135846,0
4,normal,176,lunes,soleado,25.114682803792302,1
12,normal,528,jueves,soleado,6.142470043494243,1
8,normal,965,viernes,tormenta,21.969077445440398,1
3,lento,197,domingo,soleado,23.40745865571683,0
9,lento,609,viernes,lluvioso,21.732086488648097,1
4,normal,841,viernes,lluvioso,17.79035175007021,1
8,lento,852,martes,soleado,1.423660916157603,1
7,normal,21,lunes,tormenta,11.45088927853195,1
2,normal,1135,domingo,soleado,18.540343451514854,1
0,lento,1080,jueves,soleado,12.236087581753623,0
2,normal,1089,martes,lluvioso,26.04091695247158,1
3,lento,841,miércoles,lluvioso,9.955265985138846,1
1,normal,97,jueves,nublado,9.512508981301153,0
0,rapido,1167,sábado,soleado,8.71393309968708,0
6,normal,434,jueves,nublado,10.65064519986307,1
7,normal,636,jueves,lluvioso,17.164743965111427,1
6,lento,1109,viernes,soleado,21.503443533905134,1
13,normal,587,jueves,soleado,20.214469614424768,1
4,rapido,343,sábado,soleado,24.42381677946291,0
11,lento,1317,sábado,soleado,26.69150586942532,1
0,lento,570,lunes,lluvioso,24.666292227957186,0
6,lento,610,jueves,nublado,1.5494166978562827,1
12,rapido,242,viernes,tormenta,22.341620653007674,1
6,rapido,560,jueves,soleado,7.043587634931617,0
8,lento,959,miércoles,lluvioso,4.854913238531497,1
2,lento,31,miércoles,soleado,19.51617475917493,0
8,normal,390,viernes,soleado,10.272552666823152,1
13,normal,276,lunes,soleado,2.6563977377428545,1
0,lento,531,lunes,soleado,4.991262297552479,0
0,normal,1177,sábado,nublado,1.0269530892288707,1
13,normal,382,sábado,tormenta,27.193485192996512,1
3,normal,1091,martes,nublado,1.713921531395919,0
8,normal,883,viernes,soleado,7.074217315775821,1
5,lento,213,jueves,soleado,13.071620639949312,1
12,rapido,375,domingo,soleado,11.340568452573754,1
10,normal,743,viernes,nublado,27.440050430470496,1
2,lento,212,martes,lluvioso,2.1683794263017213,0
0,rapido,78,sábado,tormenta,15.854226522634496,0
3,normal,627,viernes,soleado,20.733904413206844,1
11,rapido,603,viernes,nublado,28.019241236753896,1
12,normal,781,sábado,nublado,18.990766311587908,1
8,normal,1404,martes,nublado,24.30890184434112,1
2,rapido,1000,sábado,nublado,3.4280231975151034,0
11,normal,679,lunes,nublado,12.192245817170893,1
8,lento,57,jueves,nublado,11.844466899892957,1
6,rapido,1049,sábado,soleado,26.70235827721581,1
11,normal,880,martes,lluvioso,5.389763966634973,1
13,lento,446,miércoles,soleado,5.404698997762278,1
14,rapido,65,lunes,nublado,10.528186346688155,1
3,normal,1277,miércoles,nublado,2.57951537363829,1
2,rapido,1067,domingo,nublado,6.291283178922211,0
9,lento,1120,sábado,tormenta,28.99107951782632,1
14,lento,1011,lunes,lluvioso,13.417334256148013,1
4,lento,226,jueves,lluvioso,19.328557044250655,1
4,normal,773,sábado,nublado,22.057226520994472,0
2,rapido,678,jueves,lluvioso,11.641880803208814,1
11,rapido,600,viernes,nublado,5.269585157904992,0
8,lento,378,miércoles,lluvioso,6.990849470431644,1
3,lento,1201,lunes,nublado,10.084727820837701,1
10,lento,708,jueves,tormenta,19.445984190214546,1
4,normal,306,martes,tormenta,12.550135923582578,1
3,lento,778,jueves,lluvioso,1.1976262391037156,1
4,lento,503,martes,soleado,16.178808366956684,1
6,lento,267,sábado,soleado,27.72388836531512,1
8,lento,7,lunes,lluvioso,24.550250719251693,1
6,normal,507,jueves,soleado,24.931129766529303,1
12,normal,475,domingo,lluvioso,24.056682510577804,1
4,normal,1320,jueves,nublado,10.388193942702285,1
9,normal,163,domingo,nublado,23.190621178877368,1
9,lento,484,lunes,tormenta,5.151679376524597,1
6,lento,1095,jueves,nublado,20.073768271002653,1
13,lento,566,martes,nublado,19.60548843386484,1
14,normal,904,jueves,nublado,1.7415241736023055,1
9,lento,558,miércoles,soleado,23.851133874137016,1
4,normal,237,sábado,lluvioso,27.194195047758786,1
2,normal,1127,viernes,soleado,8.755043075691123,0
6,lento,1233,martes,tormenta,24.559331001398377,1
12,rapido,553,miércoles,lluvioso,3.389773183996498,1
10,normal,827,domingo,soleado,18.399067889570915,1
10,normal,467,sábado,lluvioso,15.083759094694038,1
1,normal,1291,lunes,nublado,16.831782465961,1
14,normal,385,martes,soleado,27.85995085464601,1
11,lento,774,viernes,tormenta,26.26814217015875,1
8,normal,847,sábado,soleado,23.767426059952953,1
9,lento,386,domingo,soleado,8.937255272672758,1
9,normal,876,viernes,nublado,27.442740231896657,1
11,normal,258,lunes,nublado,3.8277230814523824,1
0,normal,282,lunes,nublado,25.746547280204847,0
12,normal,39,domingo,lluvioso,10.516642098254625,1
5,normal,485,martes,nublado,2.5593970381975177,0
6,normal,928,domingo,nublado,20.4113525429817,1
13,rapido,219,jueves,soleado,7.707117921162708,1
12,normal,1152,lunes,soleado,8.063562650074326,1
7,rapido,1014,sábado,soleado,9.875367820634374,0
9,normal,1023,jueves,soleado,2.8468582575729853,1
8,rapido,612,miércoles,nublado,6.136687181749367,0
1,lento,927,viernes,soleado,1.1490491999812487,1
10,lento,687,jueves,soleado,13.916876112067817,1
9,lento,612,viernes,soleado,3.4434059451211674,0
1,lento,259,domingo,tormenta,20.79692554628177,1
4,lento,989,jueves,tormenta,7.833062684557803,1
12,lento,965,domingo,nublado,28.363650177020137,1
4,lento,365,miércoles,tormenta,26.266297194560924,1
5,normal,543,lunes,lluvioso,9.393785954078039,1
2,normal,648,miércoles,nublado,23.713248185043682,0
7,lento,813,lunes,soleado,24.294102235279382,1
12,lento,1039,domingo,lluvioso,29.610330309317902,1
0,lento,1152,lunes,lluvioso,18.337359618524864,0
5,lento,574,viernes,nublado,3.3770063046662036,0
3,rapido,1132,sábado,lluvioso,19.758279638865048,1
0,normal,1012,miércoles,nublado,19.124412702905023,1
14,normal,669,jueves,lluvioso,19.51216674519252,1
6,normal,268,miércoles,tormenta,9.907223795022134,1
8,normal,1185,viernes,soleado,25.930707967329656,1
12,rapido,1283,lunes,lluvioso,28.824693305706944,1
3,normal,923,viernes,nublado,7.3136628763663944,0
3,lento,1125,martes,nublado,3.556412585962689,1
5,normal,246,martes,lluvioso,6.641515961886038,1
11,lento,130,jueves,soleado,24.796012038415846,1
14,lento,352,viernes,nublado,20.622694409775576,1
2,normal,195,domingo,soleado,19.445372927834672,0
12,lento,929,jueves,nublado,12.65200091817331,1
11,normal,1405,domingo,nublado,17.757011173831636,1
5,normal,1021,jueves,lluvioso,9.928349632956655,1
6,normal,644,martes,soleado,14.838802303120877,1
10,normal,226,jueves,nublado,23.99882782274902,1
9,normal,700,martes,soleado,29.456006326208403,1
9,lento,264,lunes,lluvioso,28.042178784104255,1
2,lento,1395,domingo,tormenta,28.082112342541215,1
6,lento,645,viernes,tormenta,12.66448831056626,1
13,normal,210,jueves,lluvioso,14.594906534696937,1
2,lento,1400,martes,lluvioso,21.463426494700464,1
12,normal,1418,miércoles,soleado,27.74356591348724,1
12,normal,942,domingo,soleado,5.117833521210455,1
1,rapido,1387,jueves,nublado,9.823014050988677,0
11,normal,456,sábado,lluvioso,5.038158493229176,1
13,lento,724,lunes,tormenta,18.748247368824202,1
9,lento,1249,lunes,soleado,9.882728909738589,1
3,normal,981,miércoles,tormenta,10.45712772286463,0
11,normal,1154,martes,nublado,3.056562825151398,1
7,normal,587,jueves,nublado,11.144085792420166,1
12,rapido,475,domingo,soleado,26.012398714645975,1
14,normal,985,martes,soleado,7.759111544834214,1
8,normal,1300,lunes,nublado,21.160436520091903,1
6,normal,155,martes,nublado,19.259222003219186,1
0,lento,1241,lunes,soleado,26.041053642704345,1
2,normal,189,martes,nublado,4.836350481880109,1
12,normal,980,miércoles,lluvioso,29.350108850006254,1
11,lento,545,viernes,lluvioso,17.8962307351706,1
13,rapido,40,miércoles,tormenta,29.868750418057616,1
8,normal,306,miércoles,soleado,27.433927050109673,1
14,normal,942,viernes,soleado,7.424000891280068,1
11,normal,337,viernes,lluvioso,2.6286982871960802,1
0,lento,1337,jueves,nublado,8.413533720065484,0
8,normal,1098,domingo,soleado,16.299345820983177,1
7,lento,952,domingo,soleado,5.97629464489051,1
0,lento,278,jueves,nublado,5.856332591021666,0
5,lento,1199,miércoles,soleado,14.41521286604944,1
4,normal,895,miércoles,soleado,1.9647711639113943,0
5,rapido,272,lunes,soleado,4.534754393435843,0
9,lento,836,lunes,soleado,13.059978842830478,1
11,lento,619,domingo,nublado,2.8307673670310276,1
12,normal,861,jueves,nublado,12.50589663721035,1
12,rapido,930,sábado,nublado,14.746181712504907,1
12,normal,288,sábado,soleado,14.086731808120318,1
14,normal,723,jueves,soleado,26.206070864689533,1
4,normal,892,lunes,nublado,16.37181119650024,1
5,lento,271,domingo,nublado,14.571433411863257,1
4,normal,1089,domingo,nublado,12.91056811635832,0
10,normal,482,lunes,soleado,24.7110779708301,1
11,normal,935,sábado,tormenta,26.95664151599516,1
4,normal,247,martes,soleado,25.74403160671641,1
3,lento,155,martes,nublado,20.532850765810334,1
2,lento,1070,lunes,nublado,4.983490633091552,1
2,normal,453,martes,nublado,9.029229115268356,0
3,normal,200,viernes,soleado,2.3358288467773454,0
8,lento,123,jueves,nublado,27.99389817471331,1
1,normal,0,jueves,lluvioso,20.1631573610364,1
14,normal,967,lunes,soleado,22.644523645084004,1
8,rapido,854,miércoles,soleado,10.035580447884639,1
0,lento,639,sábado,soleado,25.52395214604293,0
13,normal,190,lunes,lluvioso,8.528495227545877,1
14,lento,515,martes,soleado,1.0476689562610408,1
14,normal,441,sábado,tormenta,11.916033913100124,1
0,lento,142,miércoles,nublado,17.55208294781313,1
4,normal,1214,martes,tormenta,14.882440881000154,1
5,normal,532,domingo,tormenta,26.000208134721316,1
5,normal,226,viernes,nublado,4.056753292728841,1
2,rapido,1336,martes,soleado,17.06087977837804,0
6,lento,948,viernes,soleado,15.876401144806316,1
8,normal,1325,sábado,soleado,9.160396482992727,1
10,normal,459,viernes,lluvioso,24.844615264733307,1
11,lento,1424,sábado,soleado,22.832611020583983,1
9,normal,550,sábado,soleado,22.2529164326231,1
7,normal,392,sábado,nublado,26.409581869817124,1
5,rapido,844,sábado,tormenta,21.960753418024115,1
11,normal,1230,sábado,soleado,7.723397459727067,1
7,lento,209,martes,soleado,21.461318637841043,1
11,rapido,1138,sábado,soleado,9.923381588305471,1
4,normal,645,martes,tormenta,8.023064860076646,1
7,normal,1274,sábado,nublado,3.117104194089192,1
9,normal,218,viernes,soleado,22.576828830082626,1
11,rapido,406,domingo,soleado,21.619027896544527,1
3,rapido,1377,sábado,soleado,7.800484852548719,0
9,lento,887,miércoles,soleado,22.731991485000524,1
7,normal,557,sábado,tormenta,27.61738560971304,1
9,lento,549,sábado,lluvioso,4.132839767255799,1
11,rapido,141,viernes,nublado,7.746462513216474,1
1,lento,611,jueves,lluvioso,22.75756302853215,1
11,rapido,500,viernes,soleado,8.96069353170527,1
11,rapido,839,miércoles,lluvioso,19.115255254227787,1
4,lento,701,jueves,lluvioso,3.353762509447721,1
8,lento,595,lunes,soleado,14.113871894002623,1
3,normal,280,lunes,lluvioso,22.43365123779564,0
10,normal,423,miércoles,soleado,20.908904348254325,1
5,lento,855,viernes,soleado,24.637090919598396,1
14,normal,269,martes,soleado,26.446111671491895,1
0,rapido,153,miércoles,nublado,23.42232153650399,0
8,rapido,613,domingo,lluvioso,20.476044545228852,1
0,lento,661,jueves,tormenta,1.9199522626649035,1
4,normal,82,jueves,nublado,16.514033528873878,1
3,normal,946,sábado,lluvioso,2.093234022530731,1
12,normal,898,lunes,lluvioso,24.433966696364656,1
11,lento,1298,jueves,soleado,10.30101120933877,1
12,lento,283,miércoles,nublado,17.310451849419707,1
12,rapido,979,jueves,soleado,9.103913912248176,0
13,normal,172,miércoles,nublado,23.692504187028515,1
2,rapido,1350,martes,tormenta,26.708573272615173,1
12,rapido,1086,sábado,soleado,12.560632332178855,1
5,normal,1096,lunes,lluvioso,26.024749411818682,1
1,rapido,762,jueves,nublado,8.74517521623364,0
2,normal,1398,miércoles,nublado,16.50516676919019,1
4,normal,632,viernes,soleado,25.904081465322413,1
14,lento,786,lunes,soleado,10.450558935857922,1
8,normal,942,martes,soleado,28.667225687264487,1
1,lento,1011,miércoles,soleado,4.534505551660125,1
9,lento,397,domingo,soleado,1.5299770219816806,1
7,lento,1143,domingo,nublado,27.21992522476753,1
13,normal,933,sábado,soleado,2.990811318288295,1
1,lento,675,sábado,lluvioso,29.764786682477258,1
10,lento,935,martes,nublado,28.59050899739408,1
12,lento,464,martes,nublado,4.973606391053299,1
4,normal,285,sábado,nublado,16.58995414508441,0
6,normal,264,jueves,nublado,6.362688626547186,0
7,lento,319,jueves,tormenta,13.416500017873476,1
0,normal,672,miércoles,soleado,2.781328748535148,0
5,lento,1399,viernes,soleado,7.4938130461010966,1
0,lento,819,miércoles,lluvioso,11.534911095568086,1
1,lento,88,viernes,soleado,13.72077750713559,0
14,lento,1226,martes,soleado,29.3473914880579,1
0,rapido,820,lunes,soleado,24.428103724835456,1
10,rapido,1000,miércoles,soleado,22.384888385046438,1
4,rapido,333,miércoles,nublado,16.574198127517253,1
9,rapido,221,viernes,soleado,25.35993505752596,1
14,normal,40,martes,lluvioso,10.840362234015622,1
8,normal,67,martes,lluvioso,21.558074270426165,1
5,lento,987,domingo,nublado,29.819735285966992,1
10,normal,513,viernes,nublado,10.124238359120765,1
10,normal,1150,martes,lluvioso,20.546508511635054,1
0,normal,1278,sábado,soleado,25.48513106041909,0
12,lento,694,jueves,lluvioso,27.558419917169495,1
0,lento,1039,domingo,lluvioso,21.820048037262953,1
1,lento,476,sábado,lluvioso,9.22462977909695,1
8,lento,1085,lunes,nublado,10.462182395499447,1
2,rapido,880,miércoles,soleado,1.601982931594962,0
14,normal,431,domingo,nublado,23.06569335247378,1
0,rapido,267,lunes,lluvioso,2.23944857579659,0
4,normal,1058,miércoles,soleado,26.074918283479626,1
6,rapido,778,jueves,lluvioso,4.441157819761625,1
5,lento,493,martes,soleado,5.984418851941803,1
11,normal,660,sábado,soleado,14.819267654134881,1
0,normal,1348,viernes,soleado,22.398532039893528,1
4,normal,1327,sábado,soleado,5.031063950773253,0
14,normal,1299,jueves,nublado,13.762061176928455,1
4,normal,1012,lunes,soleado,15.002686957893038,1
5,lento,1224,viernes,tormenta,7.156283608389148,1
2,lento,1347,martes,nublado,4.351192923738321,1
4,lento,1058,jueves,soleado,25.256206766583546,1
6,rapido,976,viernes,nublado,15.571503843120201,1
4,lento,481,jueves,lluvioso,1.4170558435404361,1
4,lento,727,jueves,lluvioso,24.28645773796401,1
4,normal,479,martes,soleado,29.44302035702296,1
9,lento,1088,domingo,lluvioso,18.57185966701317,1
9,normal,1031,miércoles,lluvioso,15.607543225438052,1
2,rapido,1324,viernes,soleado,26.47406002830389,1
0,rapido,342,martes,soleado,28.62298690085336,0
4,lento,331,jueves,nublado,22.881570561171355,0
13,normal,437,martes,soleado,13.918134962294348,1
8,rapido,173,domingo,lluvioso,18.174420580611773,1
13,lento,558,miércoles,soleado,21.327125585521976,1
